Date,VXMT
02/01/2008,24.36
03/01/2008,23.75
04/01/2008,24.5
07/01/2008,24.22
08/01/2008,25.18
09/01/2008,24.48
10/01/2008,24.57
11/01/2008,24.96
14/01/2008,24.41
15/01/2008,24.9
16/01/2008,24.64
17/01/2008,26.52
18/01/2008,26.11
22/01/2008,26.87
23/01/2008,25.73
24/01/2008,25.74
25/01/2008,26.48
28/01/2008,25.73
29/01/2008,25.43
30/01/2008,25.68
31/01/2008,22.83
01/02/2008,24.18
04/02/2008,25.13
05/02/2008,26.58
06/02/2008,27.23
07/02/2008,26.47
08/02/2008,26.77
11/02/2008,26.38
12/02/2008,26.1
13/02/2008,25.53
14/02/2008,25.67
15/02/2008,25.65
19/02/2008,25.5
20/02/2008,24.95
21/02/2008,25.33
22/02/2008,24.79
25/02/2008,24.3
26/02/2008,23.78
27/02/2008,24.17
28/02/2008,24.61
29/02/2008,26.33
03/03/2008,25.91
04/03/2008,25.52
05/03/2008,24.8
06/03/2008,26.44
07/03/2008,26.51
10/03/2008,27.51
11/03/2008,25.77
12/03/2008,26.91
13/03/2008,27.03
14/03/2008,28.48
17/03/2008,28.41
18/03/2008,25.61
19/03/2008,27.83
20/03/2008,26.56
24/03/2008,25.91
25/03/2008,26.14
26/03/2008,26.49
27/03/2008,26.27
28/03/2008,26.24
31/03/2008,25.75
01/04/2008,24.2
02/04/2008,24.66
03/04/2008,24.64
04/04/2008,24.06
07/04/2008,23.7
08/04/2008,23.66
09/04/2008,24.11
10/04/2008,23.68
11/04/2008,24.55
14/04/2008,24.72
15/04/2008,24.26
16/04/2008,22.72
17/04/2008,22.63
18/04/2008,22.29
21/04/2008,22.25
22/04/2008,22.67
23/04/2008,22.65
24/04/2008,22.27
25/04/2008,21.68
28/04/2008,21.45
29/04/2008,21.72
30/04/2008,21.93
01/05/2008,20.77
02/05/2008,20.59
05/05/2008,21.05
06/05/2008,20.91
07/05/2008,21.9
08/05/2008,21.83
09/05/2008,21.91
12/05/2008,21.33
13/05/2008,21.29
14/05/2008,21.18
15/05/2008,20.79
16/05/2008,21.2
19/05/2008,21.37
20/05/2008,22.11
21/05/2008,23.34
22/05/2008,22.92
23/05/2008,23.69
27/05/2008,23.22
28/05/2008,22.96
29/05/2008,22.44
30/05/2008,22.04
02/06/2008,22.99
03/06/2008,23.36
04/06/2008,23.73
05/06/2008,22.47
06/06/2008,24.82
09/06/2008,24.52
10/06/2008,24.45
11/06/2008,24.83
12/06/2008,24.34
13/06/2008,23.27
16/06/2008,22.91
17/06/2008,23.07
18/06/2008,23.93
19/06/2008,23.3
20/06/2008,23.78
23/06/2008,23.71
24/06/2008,23.67
25/06/2008,22.88
26/06/2008,24.47
27/06/2008,24.29
30/06/2008,24.17
01/07/2008,24.07
02/07/2008,25.1
03/07/2008,24.67
07/07/2008,25.01
08/07/2008,23.64
09/07/2008,24.71
10/07/2008,24.69
11/07/2008,25.5
14/07/2008,25.93
15/07/2008,26.2
16/07/2008,24.57
17/07/2008,24.33
18/07/2008,23.97
21/07/2008,23.57
22/07/2008,22.71
23/07/2008,22.91
24/07/2008,24.06
25/07/2008,23.89
28/07/2008,24.47
29/07/2008,23.06
30/07/2008,22.36
31/07/2008,23.22
01/08/2008,23.38
04/08/2008,23.65
05/08/2008,22.34
06/08/2008,22.18
07/08/2008,22.78
08/08/2008,22.56
11/08/2008,22.46
12/08/2008,23.08
13/08/2008,23.43
14/08/2008,22.82
15/08/2008,22.57
18/08/2008,23.11
19/08/2008,23.37
20/08/2008,23.01
21/08/2008,22.89
22/08/2008,22.54
25/08/2008,23.35
26/08/2008,23.23
27/08/2008,22.85
28/08/2008,22.48
29/08/2008,23.18
02/09/2008,23.54
03/09/2008,23.32
04/09/2008,24.27
05/09/2008,23.97
08/09/2008,23.43
09/09/2008,24.78
10/09/2008,24.3
11/09/2008,24.09
12/09/2008,24.57
15/09/2008,26.46
16/09/2008,25.56
17/09/2008,27.84
18/09/2008,26.12
19/09/2008,26.14
22/09/2008,27.44
23/09/2008,28.57
24/09/2008,28.37
25/09/2008,27.31
26/09/2008,27.7
29/09/2008,32.03
30/09/2008,29.77
01/10/2008,30.36
02/10/2008,32.2
03/10/2008,32.66
06/10/2008,33.64
07/10/2008,34.45
08/10/2008,38.13
09/10/2008,42.33
10/10/2008,45.22
13/10/2008,37.85
14/10/2008,38.65
15/10/2008,44.59
16/10/2008,43.53
17/10/2008,45.79
20/10/2008,40.17
21/10/2008,40.68
22/10/2008,45.28
23/10/2008,45.47
24/10/2008,50.85
27/10/2008,52.29
28/10/2008,47.54
29/10/2008,50.06
30/10/2008,47.82
31/10/2008,48.44
03/11/2008,46.54
04/11/2008,43.28
05/11/2008,45.86
06/11/2008,50.44
07/11/2008,47.26
10/11/2008,48.94
11/11/2008,50.22
12/11/2008,52.95
13/11/2008,49.21
14/11/2008,53.93
17/11/2008,55.16
18/11/2008,52.88
19/11/2008,58.59
20/11/2008,61.47
21/11/2008,57.71
24/11/2008,52.22
25/11/2008,51.57
26/11/2008,48.55
28/11/2008,49.05
01/12/2008,55.4
02/12/2008,53.49
03/12/2008,52.63
04/12/2008,55.88
05/12/2008,53.5
08/12/2008,52.31
09/12/2008,53.67
10/12/2008,52.74
11/12/2008,52.68
12/12/2008,51.92
15/12/2008,51.87
16/12/2008,49.48
17/12/2008,48.86
18/12/2008,47.6
19/12/2008,45.67
22/12/2008,45.27
23/12/2008,45.47
24/12/2008,45.06
26/12/2008,44.48
29/12/2008,44.27
30/12/2008,42.82
31/12/2008,41.61
02/01/2009,39.21
05/01/2009,39.3
06/01/2009,38.69
07/01/2009,41.21
08/01/2009,41.65
09/01/2009,42.35
12/01/2009,44.5
13/01/2009,44.45
14/01/2009,47.6
15/01/2009,48.23
16/01/2009,47.03
20/01/2009,51.3
21/01/2009,47.27
22/01/2009,47.96
23/01/2009,47.06
26/01/2009,45.65
27/01/2009,44.11
28/01/2009,41.68
29/01/2009,42.61
30/01/2009,43.78
02/02/2009,43.28
03/02/2009,42.17
04/02/2009,41.97
05/02/2009,41.92
06/02/2009,41.46
09/02/2009,41.3
10/02/2009,43.88
11/02/2009,42.82
12/02/2009,42.03
13/02/2009,41.8
17/02/2009,44.13
18/02/2009,44.57
19/02/2009,44.14
20/02/2009,45.23
23/02/2009,47.19
24/02/2009,43.65
25/02/2009,43.65
26/02/2009,43.51
27/02/2009,44.05
02/03/2009,46.9
03/03/2009,46.16
04/03/2009,43.35
05/03/2009,44.65
06/03/2009,44.11
09/03/2009,43.96
10/03/2009,40.84
11/03/2009,41.05
12/03/2009,39.78
13/03/2009,40.83
16/03/2009,41.15
17/03/2009,39.58
18/03/2009,39.75
19/03/2009,42.13
20/03/2009,44.27
23/03/2009,41.41
24/03/2009,41.78
25/03/2009,40.63
26/03/2009,40.34
27/03/2009,41.54
30/03/2009,43.82
31/03/2009,42.96
01/04/2009,42.35
02/04/2009,41.76
03/04/2009,41.31
06/04/2009,41.61
07/04/2009,41.84
08/04/2009,41.12
09/04/2009,40.26
13/04/2009,39.96
14/04/2009,40.2
15/04/2009,39.38
16/04/2009,38.61
17/04/2009,37.49
20/04/2009,39.37
21/04/2009,38.3
22/04/2009,38.95
23/04/2009,38.55
24/04/2009,38.33
27/04/2009,38.88
28/04/2009,38.74
29/04/2009,37.36
30/04/2009,36.84
01/05/2009,36.38
04/05/2009,35.44
05/05/2009,35.37
06/05/2009,34.34
07/05/2009,34.74
08/05/2009,33.71
11/05/2009,34.16
12/05/2009,33.9
13/05/2009,34.56
14/05/2009,33.14
15/05/2009,33.85
18/05/2009,32.22
19/05/2009,31.5
20/05/2009,31.75
21/05/2009,33.01
22/05/2009,33.72
26/05/2009,32.31
27/05/2009,33.11
28/05/2009,32.93
29/05/2009,31.8
01/06/2009,31.72
02/06/2009,31.66
03/06/2009,32.88
04/06/2009,32.55
05/06/2009,32.65
08/06/2009,32.73
09/06/2009,32.1
10/06/2009,32.04
11/06/2009,31.35
12/06/2009,31
15/06/2009,32.51
16/06/2009,33.25
17/06/2009,33.09
18/06/2009,32.46
19/06/2009,32.2
22/06/2009,33.35
23/06/2009,32.99
24/06/2009,32.17
25/06/2009,30.93
26/06/2009,30.77
29/06/2009,29.77
30/06/2009,30.08
01/07/2009,30.13
02/07/2009,31.21
06/07/2009,31.41
07/07/2009,32.27
08/07/2009,32.98
09/07/2009,32.19
10/07/2009,32.19
13/07/2009,31.13
14/07/2009,30.8
15/07/2009,30.3
16/07/2009,30.04
17/07/2009,29.75
20/07/2009,29.11
21/07/2009,28.81
22/07/2009,28.63
23/07/2009,28.38
24/07/2009,27.93
27/07/2009,28.29
28/07/2009,29.14
29/07/2009,29.46
30/07/2009,29.24
31/07/2009,29.06
03/08/2009,28.78
04/08/2009,28.48
05/08/2009,28.64
06/08/2009,29.05
07/08/2009,28.36
10/08/2009,28.31
11/08/2009,29.19
12/08/2009,28.86
13/08/2009,28.73
14/08/2009,28.54
17/08/2009,30.75
18/08/2009,30.09
19/08/2009,29.97
20/08/2009,29.73
21/08/2009,29.3
24/08/2009,29.7
25/08/2009,29.65
26/08/2009,29.87
27/08/2009,29.77
28/08/2009,29.49
31/08/2009,30.13
01/09/2009,31.53
02/09/2009,31.62
03/09/2009,30.5
04/09/2009,29.67
08/09/2009,29.32
09/09/2009,28.58
10/09/2009,27.83
11/09/2009,27.83
14/09/2009,27.56
15/09/2009,27.55
16/09/2009,27.54
17/09/2009,27.2
18/09/2009,27.63
21/09/2009,27.54
22/09/2009,27.32
23/09/2009,27.6
24/09/2009,28.5
25/09/2009,28.47
28/09/2009,27.84
29/09/2009,28
30/09/2009,27.77
01/10/2009,29.28
02/10/2009,29.66
05/10/2009,28.73
06/10/2009,28.06
07/10/2009,27.59
08/10/2009,27.32
09/10/2009,26.75
12/10/2009,26.75
13/10/2009,26.79
14/10/2009,26.58
15/10/2009,26.16
16/10/2009,26.32
19/10/2009,25.94
20/10/2009,25.86
21/10/2009,26.41
22/10/2009,25.59
23/10/2009,26.28
26/10/2009,27.07
27/10/2009,27.11
28/10/2009,28.29
29/10/2009,27.12
30/10/2009,29.49
02/11/2009,29.36
03/11/2009,29.32
04/11/2009,29.04
05/11/2009,27.92
06/11/2009,27.47
09/11/2009,26.77
10/11/2009,26.74
11/11/2009,27.02
12/11/2009,27.8
13/11/2009,27.56
16/11/2009,27.19
17/11/2009,27.2
18/11/2009,27.19
19/11/2009,27.58
20/11/2009,27.19
23/11/2009,26.61
24/11/2009,26.52
25/11/2009,26.17
27/11/2009,27.99
30/11/2009,27.73
01/12/2009,26.99
02/12/2009,26.98
03/12/2009,27.46
04/12/2009,26.94
07/12/2009,27.1
08/12/2009,27.75
09/12/2009,27.53
10/12/2009,27.2
11/12/2009,26.96
14/12/2009,26.73
15/12/2009,26.72
16/12/2009,26.07
17/12/2009,26.37
18/12/2009,26.18
21/12/2009,25.51
22/12/2009,24.82
23/12/2009,24.78
24/12/2009,24.56
28/12/2009,24.55
29/12/2009,24.53
30/12/2009,24.66
31/12/2009,25.66
04/01/2010,24.61
05/01/2010,24.22
06/01/2010,23.8
07/01/2010,23.44
08/01/2010,22.92
11/01/2010,22.89
12/01/2010,23.12
13/01/2010,22.76
14/01/2010,22.41
15/01/2010,23.02
19/01/2010,22.45
20/01/2010,22.66
21/01/2010,24.15
22/01/2010,26.18
25/01/2010,25.5
26/01/2010,25.52
27/01/2010,24.88
28/01/2010,25.38
29/01/2010,25.69
01/02/2010,24.78
02/02/2010,24.12
03/02/2010,24.12
04/02/2010,26.37
05/02/2010,26.65
08/02/2010,26.88
09/02/2010,26.65
10/02/2010,26.46
11/02/2010,25.67
12/02/2010,25.58
16/02/2010,24.88
17/02/2010,24.55
18/02/2010,23.96
19/02/2010,23.53
22/02/2010,23.03
23/02/2010,23.71
24/02/2010,23.15
25/02/2010,23.4
26/02/2010,23.01
01/03/2010,22.71
02/03/2010,22.48
03/03/2010,22.46
04/03/2010,22.49
05/03/2010,22.15
08/03/2010,21.89
09/03/2010,21.74
10/03/2010,22.15
11/03/2010,22.76
12/03/2010,22.32
15/03/2010,22.25
16/03/2010,21.94
17/03/2010,21.45
18/03/2010,21.37
19/03/2010,21.84
22/03/2010,21.65
23/03/2010,21.39
24/03/2010,21.84
25/03/2010,22.06
26/03/2010,21.73
29/03/2010,21.61
30/03/2010,21.4
31/03/2010,21.58
01/04/2010,21.7
05/04/2010,21.2
06/04/2010,20.94
07/04/2010,21.26
08/04/2010,21.2
09/04/2010,20.9
12/04/2010,21
13/04/2010,21.19
14/04/2010,21.02
15/04/2010,21.22
16/04/2010,22.3
19/04/2010,22.13
20/04/2010,21.58
21/04/2010,21.9
22/04/2010,22.06
23/04/2010,22.08
26/04/2010,22.38
27/04/2010,24.36
28/04/2010,24.2
29/04/2010,23.31
30/04/2010,25.26
03/05/2010,24.58
04/05/2010,26.57
05/05/2010,27.74
06/05/2010,31.02
07/05/2010,35.3
10/05/2010,29.98
11/05/2010,30.61
12/05/2010,27.9
13/05/2010,28.33
14/05/2010,30.8
17/05/2010,30.72
18/05/2010,32.69
19/05/2010,33.81
20/05/2010,38.83
21/05/2010,36.87
24/05/2010,36.38
25/05/2010,35.64
26/05/2010,34.89
27/05/2010,32.16
28/05/2010,32.16
01/06/2010,33.56
02/06/2010,31.97
03/06/2010,31.29
04/06/2010,34.26
07/06/2010,35.03
08/06/2010,34.03
09/06/2010,34.3
10/06/2010,32.54
11/06/2010,31.97
14/06/2010,31.86
15/06/2010,30.11
16/06/2010,30.24
17/06/2010,29.79
18/06/2010,28.94
21/06/2010,28.97
22/06/2010,30.28
23/06/2010,30.72
24/06/2010,32.82
25/06/2010,32.46
28/06/2010,32.33
29/06/2010,35.05
30/06/2010,35.69
01/07/2010,35.69
02/07/2010,35.16
06/07/2010,34.14
07/07/2010,32.24
08/07/2010,31.54
09/07/2010,30.91
12/07/2010,31.15
13/07/2010,30.54
14/07/2010,31.2
15/07/2010,31.61
16/07/2010,32.76
19/07/2010,32.63
20/07/2010,30.53
21/07/2010,31.31
22/07/2010,30.39
23/07/2010,29.65
26/07/2010,29.11
27/07/2010,28.96
28/07/2010,28.88
29/07/2010,28.97
30/07/2010,28.53
02/08/2010,27.44
03/08/2010,28.02
04/08/2010,27.9
05/08/2010,28.14
06/08/2010,28.15
09/08/2010,28.14
10/08/2010,28.49
11/08/2010,30.43
12/08/2010,30.99
13/08/2010,31.59
16/08/2010,31.41
17/08/2010,30.65
18/08/2010,30.55
19/08/2010,31.34
20/08/2010,31.42
23/08/2010,31.28
24/08/2010,32.08
25/08/2010,31.55
26/08/2010,32.2
27/08/2010,30.58
30/08/2010,32.02
31/08/2010,31.43
01/09/2010,29.99
02/09/2010,29.43
03/09/2010,28.21
07/09/2010,29.38
08/09/2010,28.91
09/09/2010,28.48
10/09/2010,27.96
13/09/2010,27.15
14/09/2010,27.09
15/09/2010,27.27
16/09/2010,27.28
17/09/2010,27.63
20/09/2010,27.24
21/09/2010,27.78
22/09/2010,28.27
23/09/2010,29.13
24/09/2010,28.03
27/09/2010,28.32
28/09/2010,28.39
29/09/2010,28.9
30/09/2010,29.03
01/10/2010,28.94
04/10/2010,29.42
05/10/2010,28.35
06/10/2010,28.39
07/10/2010,28.36
08/10/2010,27.75
11/10/2010,27.55
12/10/2010,27.03
13/10/2010,26.65
14/10/2010,27.23
15/10/2010,26.86
18/10/2010,26.57
19/10/2010,27.2
20/10/2010,26.37
21/10/2010,26
22/10/2010,25.52
25/10/2010,25.49
26/10/2010,25.73
27/10/2010,25.96
28/10/2010,25.85
29/10/2010,25.62
01/11/2010,26.16
02/11/2010,25.91
03/11/2010,24.73
04/11/2010,23.6
05/11/2010,23.8
08/11/2010,24.09
09/11/2010,24.4
10/11/2010,24.52
11/11/2010,24.68
12/11/2010,25.78
15/11/2010,25.63
16/11/2010,26.76
17/11/2010,26.51
18/11/2010,25.37
19/11/2010,25
22/11/2010,24.5
23/11/2010,25.36
24/11/2010,24.8
26/11/2010,26.08
29/11/2010,26.15
30/11/2010,27.14
01/12/2010,26.4
02/12/2010,24.87
03/12/2010,24.09
06/12/2010,23.94
07/12/2010,23.8
08/12/2010,23.27
09/12/2010,22.87
10/12/2010,22.63
13/12/2010,23.04
14/12/2010,23.03
15/12/2010,23.31
16/12/2010,23.21
17/12/2010,23.12
20/12/2010,23.02
21/12/2010,22.9
22/12/2010,22.69
23/12/2010,23.4
27/12/2010,23.69
28/12/2010,23.91
29/12/2010,23.97
30/12/2010,24.03
31/12/2010,23.75
03/01/2011,23.4
04/01/2011,23.19
05/01/2011,22.78
06/01/2011,22.87
07/01/2011,22.92
10/01/2011,22.93
11/01/2011,22.71
12/01/2011,21.94
13/01/2011,21.91
14/01/2011,21.33
18/01/2011,21.29
19/01/2011,22.04
20/01/2011,22.15
21/01/2011,22.25
24/01/2011,21.98
25/01/2011,21.82
26/01/2011,21.24
27/01/2011,20.83
28/01/2011,22.34
31/01/2011,21.88
01/02/2011,21.1
02/02/2011,21.22
03/02/2011,21
04/02/2011,20.6
07/02/2011,20.36
08/02/2011,20.08
09/02/2011,20.09
10/02/2011,20.16
11/02/2011,19.85
14/02/2011,20.03
15/02/2011,20.24
16/02/2011,20.33
17/02/2011,20.71
18/02/2011,20.92
22/02/2011,22.99
23/02/2011,23.88
24/02/2011,23.86
25/02/2011,22.71
28/02/2011,21.75
01/03/2011,23.31
02/03/2011,23.29
03/03/2011,22.29
04/03/2011,22.67
07/03/2011,23.46
08/03/2011,23.13
09/03/2011,23.47
10/03/2011,24.27
11/03/2011,23.69
14/03/2011,24
15/03/2011,25.27
16/03/2011,27.1
17/03/2011,26.09
18/03/2011,25.36
21/03/2011,23.45
22/03/2011,23.34
23/03/2011,22.75
24/03/2011,22.19
25/03/2011,22.15
28/03/2011,22.63
29/03/2011,22.05
30/03/2011,21.75
31/03/2011,21.93
01/04/2011,21.76
04/04/2011,21.66
05/04/2011,21.65
06/04/2011,21.63
07/04/2011,21.83
08/04/2011,22.32
11/04/2011,22.31
12/04/2011,22.63
13/04/2011,22.36
14/04/2011,22.34
15/04/2011,21.88
18/04/2011,22.49
19/04/2011,21.97
20/04/2011,21.37
21/04/2011,21.21
25/04/2011,21.36
26/04/2011,20.96
27/04/2011,20.64
28/04/2011,20.29
29/04/2011,20.25
02/05/2011,21.06
03/05/2011,21.49
04/05/2011,21.82
05/05/2011,22.1
06/05/2011,22.04
09/05/2011,21.59
10/05/2011,21.05
11/05/2011,21.49
12/05/2011,21.07
13/05/2011,21.44
16/05/2011,21.94
17/05/2011,21.73
18/05/2011,21.11
19/05/2011,20.84
20/05/2011,21.43
23/05/2011,22.02
24/05/2011,21.75
25/05/2011,21.57
26/05/2011,20.92
27/05/2011,20.63
31/05/2011,20.01
01/06/2011,21.41
02/06/2011,21.29
03/06/2011,21.59
06/06/2011,21.81
07/06/2011,21.6
08/06/2011,21.86
09/06/2011,21.34
10/06/2011,25.1
13/06/2011,22.08
14/06/2011,21.44
15/06/2011,22.91
16/06/2011,24
17/06/2011,23.82
20/06/2011,23.07
21/06/2011,22.46
22/06/2011,22.66
23/06/2011,22.82
24/06/2011,23.62
27/06/2011,23.28
28/06/2011,22.7
29/06/2011,21.85
30/06/2011,20.97
01/07/2011,20.43
05/07/2011,20.57
06/07/2011,20.62
07/07/2011,20.12
08/07/2011,20.35
11/07/2011,21.86
12/07/2011,22.45
13/07/2011,22.47
14/07/2011,23.03
15/07/2011,22.72
18/07/2011,23.33
19/07/2011,22.43
20/07/2011,22.34
21/07/2011,21.39
22/07/2011,21.57
25/07/2011,22.06
26/07/2011,22.35
27/07/2011,23.55
28/07/2011,23.62
29/07/2011,23.63
01/08/2011,23.03
02/08/2011,24.01
03/08/2011,23.85
04/08/2011,27.88
05/08/2011,28.81
08/08/2011,35
09/08/2011,29.97
10/08/2011,33.9
11/08/2011,32.13
12/08/2011,31.19
15/08/2011,29.58
16/08/2011,29.82
17/08/2011,29.53
18/08/2011,33.23
19/08/2011,35.13
22/08/2011,35.19
23/08/2011,33.21
24/08/2011,33.35
25/08/2011,34.67
26/08/2011,33.25
29/08/2011,31.76
30/08/2011,32.16
31/08/2011,31.59
01/09/2011,31.88
02/09/2011,32.99
06/09/2011,34.23
07/09/2011,32.14
08/09/2011,33.14
09/09/2011,35.32
12/09/2011,35.77
13/09/2011,35.32
14/09/2011,34.02
15/09/2011,33.44
16/09/2011,33.02
19/09/2011,33.78
20/09/2011,33.57
21/09/2011,35.63
22/09/2011,37.61
23/09/2011,37.92
26/09/2011,37.08
27/09/2011,36.54
28/09/2011,38.21
29/09/2011,37.2
30/09/2011,39.23
03/10/2011,41.36
04/10/2011,39.13
05/10/2011,37.86
06/10/2011,36.91
07/10/2011,37.25
10/10/2011,35.17
11/10/2011,34.81
12/10/2011,33.39
13/10/2011,33.29
14/10/2011,31.67
17/10/2011,33.81
18/10/2011,32.87
19/10/2011,34.57
20/10/2011,34.51
21/10/2011,32.98
24/10/2011,31.8
25/10/2011,33.12
26/10/2011,31.82
27/10/2011,28.76
28/10/2011,28.31
31/10/2011,30.99
01/11/2011,34.5
02/11/2011,33.64
03/11/2011,32.45
04/11/2011,32.46
07/11/2011,32.33
08/11/2011,31.17
09/11/2011,35.55
10/11/2011,34.7
11/11/2011,33.31
14/11/2011,33.88
15/11/2011,33.79
16/11/2011,35.14
17/11/2011,36.14
18/11/2011,35.55
21/11/2011,36.17
22/11/2011,35.69
23/11/2011,37.05
25/11/2011,37.83
28/11/2011,35.1
29/11/2011,34.64
30/11/2011,31.94
01/12/2011,31.92
02/12/2011,31.53
05/12/2011,31.41
06/12/2011,31.6
07/12/2011,31.96
08/12/2011,33.23
09/12/2011,31.25
12/12/2011,31.55
13/12/2011,31.85
14/12/2011,31.95
15/12/2011,31.37
16/12/2011,31.92
19/12/2011,31.49
20/12/2011,29.52
21/12/2011,28.56
22/12/2011,28.06
23/12/2011,27.96
27/12/2011,28.09
28/12/2011,29.02
29/12/2011,28.52
30/12/2011,28.34
03/01/2012,28.26
04/01/2012,27.67
05/01/2012,27.2
06/01/2012,26.73
09/01/2012,26.57
10/01/2012,26.1
11/01/2012,26.45
12/01/2012,26.44
13/01/2012,26.98
17/01/2012,27.51
18/01/2012,26.57
19/01/2012,26.02
20/01/2012,25.42
23/01/2012,25.07
24/01/2012,24.85
25/01/2012,24.06
26/01/2012,24.25
27/01/2012,24.13
30/01/2012,24.49
31/01/2012,24.6
01/02/2012,24.37
02/02/2012,23.89
03/02/2012,23
06/02/2012,23.11
07/02/2012,22.85
08/02/2012,23.14
09/02/2012,23.77
10/02/2012,25.17
13/02/2012,24.47
14/02/2012,25.22
15/02/2012,26.17
16/02/2012,25.33
17/02/2012,24.92
21/02/2012,25.14
22/02/2012,25.01
23/02/2012,24.02
24/02/2012,24.3
27/02/2012,24.66
28/02/2012,24.53
29/02/2012,24.43
01/03/2012,23.92
02/03/2012,24.12
05/03/2012,24.62
06/03/2012,26.16
07/03/2012,25.37
08/03/2012,24.62
09/03/2012,24.04
12/03/2012,23.71
13/03/2012,22.6
14/03/2012,23.38
15/03/2012,23.08
16/03/2012,22.85
19/03/2012,22.46
20/03/2012,22.49
21/03/2012,21.83
22/03/2012,22.02
23/03/2012,21.49
26/03/2012,20.33
27/03/2012,21.06
28/03/2012,21.24
29/03/2012,21.37
30/03/2012,21
02/04/2012,21.05
03/04/2012,21.28
04/04/2012,21.9
05/04/2012,22.18
09/04/2012,23.22
10/04/2012,24.75
11/04/2012,24.62
12/04/2012,23.02
13/04/2012,24.25
16/04/2012,24.25
17/04/2012,23.23
18/04/2012,23.46
19/04/2012,23.61
20/04/2012,23.09
23/04/2012,23.77
24/04/2012,23.22
25/04/2012,22.15
26/04/2012,21.55
27/04/2012,21.58
30/04/2012,21.7
01/05/2012,21.68
02/05/2012,21.61
03/05/2012,22
04/05/2012,22.94
07/05/2012,22.85
08/05/2012,23.14
09/05/2012,23.79
10/05/2012,23.23
11/05/2012,23.75
14/05/2012,24.95
15/05/2012,25.74
16/05/2012,26.42
17/05/2012,27.73
18/05/2012,28.64
21/05/2012,27.49
22/05/2012,27.33
23/05/2012,27.47
24/05/2012,27.71
25/05/2012,27.14
29/05/2012,26.13
30/05/2012,27.71
31/05/2012,27.74
01/06/2012,30.21
04/06/2012,29.36
05/06/2012,28.57
06/06/2012,26.87
07/06/2012,26.72
08/06/2012,26.26
11/06/2012,27.5
12/06/2012,27.22
13/06/2012,28.27
14/06/2012,26.97
15/06/2012,26.02
18/06/2012,25.01
19/06/2012,24.44
20/06/2012,23.97
21/06/2012,25.53
22/06/2012,24.34
25/06/2012,25.42
26/06/2012,25.1
27/06/2012,24.75
28/06/2012,24.66
29/06/2012,22.87
02/07/2012,22.53
03/07/2012,22.35
05/07/2012,22.89
06/07/2012,22.9
09/07/2012,23.05
10/07/2012,23.4
11/07/2012,22.94
12/07/2012,23.15
13/07/2012,22.22
16/07/2012,22.41
17/07/2012,21.81
18/07/2012,21.71
19/07/2012,21.55
20/07/2012,22.39
23/07/2012,23.63
24/07/2012,24.48
25/07/2012,24.32
26/07/2012,23.11
27/07/2012,22.45
30/07/2012,22.81
31/07/2012,23.27
01/08/2012,23.12
02/08/2012,22.97
03/08/2012,21.79
06/08/2012,21.93
07/08/2012,21.84
08/08/2012,21.63
09/08/2012,21.37
10/08/2012,21.2
13/08/2012,21.27
14/08/2012,21.67
15/08/2012,21.82
16/08/2012,21.73
17/08/2012,21.54
20/08/2012,21.67
21/08/2012,22.12
22/08/2012,22.42
23/08/2012,22.91
24/08/2012,22.21
27/08/2012,22.68
28/08/2012,22.73
29/08/2012,23.15
30/08/2012,23.5
31/08/2012,23.27
04/09/2012,23.3
05/09/2012,22.62
06/09/2012,21.72
07/09/2012,20.99
10/09/2012,21.39
11/09/2012,21.23
12/09/2012,20.66
13/09/2012,19.63
14/09/2012,19.81
17/09/2012,20
18/09/2012,19.68
19/09/2012,19.52
20/09/2012,19.75
21/09/2012,19.83
24/09/2012,19.76
25/09/2012,20.46
26/09/2012,21.13
27/09/2012,20.1
28/09/2012,20.37
01/10/2012,20.58
02/10/2012,20.51
03/10/2012,20.37
04/10/2012,20.02
05/10/2012,19.66
08/10/2012,20
09/10/2012,20.48
10/10/2012,20.46
11/10/2012,20.1
12/10/2012,20.1
15/10/2012,19.62
16/10/2012,19.37
17/10/2012,19.19
18/10/2012,19.16
19/10/2012,20.32
22/10/2012,20.15
23/10/2012,21.34
24/10/2012,21.27
25/10/2012,21.06
26/10/2012,21.01
31/10/2012,20.73
01/11/2012,20.03
02/11/2012,20.51
05/11/2012,20.83
06/11/2012,20.26
07/11/2012,21.52
08/11/2012,21.63
09/11/2012,21.78
12/11/2012,21.14
13/11/2012,21.04
14/11/2012,21.75
15/11/2012,21.73
16/11/2012,21.11
19/11/2012,19.91
20/11/2012,19.58
21/11/2012,19.64
23/11/2012,19.35
26/11/2012,19.46
27/11/2012,19.72
28/11/2012,19.41
29/11/2012,19.15
30/11/2012,19.33
03/12/2012,19.89
04/12/2012,19.97
05/12/2012,19.63
06/12/2012,19.43
07/12/2012,19.1
10/12/2012,19.15
11/12/2012,18.97
12/12/2012,19.25
13/12/2012,19.52
14/12/2012,19.66
17/12/2012,19.11
18/12/2012,18.44
19/12/2012,19.06
20/12/2012,19.23
21/12/2012,19.95
24/12/2012,20.32
26/12/2012,20.87
27/12/2012,20.89
28/12/2012,22.4
31/12/2012,20.25
02/01/2013,18.63
03/01/2013,18.49
04/01/2013,18.17
07/01/2013,18.25
08/01/2013,18.25
09/01/2013,18.36
10/01/2013,17.97
11/01/2013,17.89
14/01/2013,18.05
15/01/2013,18.02
16/01/2013,17.96
17/01/2013,17.76
18/01/2013,17.21
22/01/2013,16.6
23/01/2013,16.27
24/01/2013,16.46
25/01/2013,16.35
28/01/2013,16.5
29/01/2013,16.27
30/01/2013,16.84
31/01/2013,17.25
01/02/2013,16.5
04/02/2013,17.23
05/02/2013,16.81
06/02/2013,16.77
07/02/2013,16.83
08/02/2013,16.45
11/02/2013,16.39
12/02/2013,16.18
13/02/2013,16.35
14/02/2013,16.16
15/02/2013,16.12
19/02/2013,15.83
20/02/2013,16.82
21/02/2013,17.05
22/02/2013,16.53
25/02/2013,18.61
26/02/2013,18.16
27/02/2013,17.03
28/02/2013,17.4
01/03/2013,17.51
04/03/2013,16.92
05/03/2013,16.54
06/03/2013,16.54
07/03/2013,16.38
08/03/2013,16.2
11/03/2013,15.94
12/03/2013,16.12
13/03/2013,16.21
14/03/2013,15.81
15/03/2013,16.1
18/03/2013,16.91
19/03/2013,17.2
20/03/2013,16.62
21/03/2013,17.12
22/03/2013,16.96
25/03/2013,17.01
26/03/2013,16.59
27/03/2013,16.76
28/03/2013,16.61
01/04/2013,17.03
02/04/2013,16.59
03/04/2013,17.14
04/04/2013,17
05/04/2013,17.18
08/04/2013,16.69
09/04/2013,16.5
10/04/2013,16.14
11/04/2013,16.17
12/04/2013,16.15
15/04/2013,18.43
16/04/2013,16.72
17/04/2013,18.16
18/04/2013,18.65
19/04/2013,17.92
22/04/2013,17.4
23/04/2013,16.66
24/04/2013,16.71
25/04/2013,16.58
26/04/2013,16.54
29/04/2013,16.57
30/04/2013,16.48
01/05/2013,16.95
02/05/2013,16.55
03/05/2013,16.22
06/05/2013,16.04
07/05/2013,16.12
08/05/2013,16.12
09/05/2013,16.52
10/05/2013,16.55
13/05/2013,16.86
14/05/2013,16.75
15/05/2013,16.93
16/05/2013,17.22
17/05/2013,17.03
20/05/2013,17.14
21/05/2013,17.51
22/05/2013,17.52
23/05/2013,17.72
24/05/2013,17.62
28/05/2013,17.51
29/05/2013,17.71
30/05/2013,17.61
31/05/2013,18.41
03/06/2013,18.45
04/06/2013,18.58
05/06/2013,19.12
06/06/2013,18.8
07/06/2013,18.27
10/06/2013,18.16
11/06/2013,19.12
12/06/2013,19.97
13/06/2013,19.15
14/06/2013,19.46
17/06/2013,19.2
18/06/2013,18.94
19/06/2013,19.02
20/06/2013,20.68
21/06/2013,20.21
24/06/2013,21.32
25/06/2013,20.71
26/06/2013,20.11
27/06/2013,19.98
28/06/2013,19.79
01/07/2013,19.39
02/07/2013,19.39
03/07/2013,19.18
05/07/2013,18.48
08/07/2013,18.04
09/07/2013,17.55
10/07/2013,17.48
11/07/2013,17.29
12/07/2013,17.36
15/07/2013,17.26
16/07/2013,17.58
17/07/2013,17.25
18/07/2013,17.25
19/07/2013,17.09
22/07/2013,16.82
23/07/2013,16.93
24/07/2013,17.23
25/07/2013,17.03
26/07/2013,16.87
29/07/2013,17.21
30/07/2013,17.01
31/07/2013,16.81
01/08/2013,16.4
02/08/2013,16.03
05/08/2013,15.9
06/08/2013,16.45
07/08/2013,16.71
08/08/2013,16.49
09/08/2013,16.75
12/08/2013,16.87
13/08/2013,16.63
14/08/2013,16.94
15/08/2013,17.59
16/08/2013,17.38
19/08/2013,17.68
20/08/2013,17.55
21/08/2013,17.91
22/08/2013,17.35
23/08/2013,17.06
26/08/2013,17.5
27/08/2013,18.69
28/08/2013,18.76
29/08/2013,18.96
30/08/2013,19.18
03/09/2013,18.75
04/09/2013,18.41
05/09/2013,18.38
06/09/2013,18.34
09/09/2013,17.95
10/09/2013,17.42
11/09/2013,16.97
12/09/2013,17.18
13/09/2013,17.13
16/09/2013,16.99
17/09/2013,17.01
18/09/2013,16.62
19/09/2013,16.6
20/09/2013,17.04
23/09/2013,17.28
24/09/2013,17.14
25/09/2013,17.02
26/09/2013,16.9
27/09/2013,17.3
30/09/2013,18.09
01/10/2013,17.37
02/10/2013,17.79
03/10/2013,18.45
04/10/2013,18.08
07/10/2013,19.67
08/10/2013,20.15
09/10/2013,19.97
10/10/2013,18.23
11/10/2013,17.8
14/10/2013,17.9
15/10/2013,19.14
16/10/2013,17.71
17/10/2013,16.91
18/10/2013,16.37
21/10/2013,16.54
22/10/2013,16.61
23/10/2013,16.71
24/10/2013,16.53
25/10/2013,16.5
28/10/2013,16.61
29/10/2013,16.74
30/10/2013,16.83
31/10/2013,16.87
01/11/2013,16.96
04/11/2013,16.76
05/11/2013,16.94
06/11/2013,16.77
07/11/2013,17.27
08/11/2013,16.71
11/11/2013,16.8
12/11/2013,16.97
13/11/2013,17.02
14/11/2013,17.01
15/11/2013,16.91
18/11/2013,17.08
19/11/2013,17.38
20/11/2013,17.21
21/11/2013,16.77
22/11/2013,16.42
25/11/2013,16.62
26/11/2013,16.68
27/11/2013,16.65
29/11/2013,16.86
02/12/2013,17.05
03/12/2013,17.27
04/12/2013,17.3
05/12/2013,17.32
06/12/2013,16.61
09/12/2013,16.58
10/12/2013,16.75
11/12/2013,17.31
12/12/2013,17.36
13/12/2013,17.51
16/12/2013,17.68
17/12/2013,17.7
18/12/2013,16.67
19/12/2013,16.88
20/12/2013,16.63
23/12/2013,16.37
24/12/2013,16.12
26/12/2013,16.03
27/12/2013,16.05
30/12/2013,16.46
31/12/2013,16.31
02/01/2014,16.74
03/01/2014,16.68
06/01/2014,16.46
07/01/2014,15.98
08/01/2014,15.94
09/01/2014,16.12
10/01/2014,15.7
13/01/2014,16.42
14/01/2014,16.14
15/01/2014,16.1
16/01/2014,16.35
17/01/2014,16.34
21/01/2014,16.22
22/01/2014,16.14
23/01/2014,16.37
24/01/2014,18.18
27/01/2014,18
28/01/2014,17.28
29/01/2014,18
30/01/2014,18.03
31/01/2014,18.63
03/02/2014,20.14
04/02/2014,19.53
05/02/2014,20.04
06/02/2014,18.69
07/02/2014,17.55
10/02/2014,17.44
11/02/2014,17.02
12/02/2014,16.95
13/02/2014,16.85
14/02/2014,16.55
18/02/2014,16.54
19/02/2014,17.24
20/02/2014,16.84
21/02/2014,16.73
24/02/2014,16.59
25/02/2014,16.64
26/02/2014,16.97
27/02/2014,16.72
28/02/2014,16.86
03/03/2014,17.63
04/03/2014,16.82
05/03/2014,16.93
06/03/2014,16.99
07/03/2014,17.08
10/03/2014,17.05
11/03/2014,17.35
12/03/2014,17.19
13/03/2014,18.06
14/03/2014,18.6
17/03/2014,17.64
18/03/2014,17.28
19/03/2014,17.55
20/03/2014,17
21/03/2014,17.28
24/03/2014,17.27
25/03/2014,16.93
26/03/2014,17.35
27/03/2014,17.22
28/03/2014,16.89
31/03/2014,16.57
01/04/2014,16.07
02/04/2014,16.11
03/04/2014,16.13
04/04/2014,16.5
07/04/2014,17.18
08/04/2014,16.9
09/04/2014,16.36
10/04/2014,17.27
11/04/2014,17.69
14/04/2014,17.47
15/04/2014,17.22
16/04/2014,16.83
17/04/2014,16.62
21/04/2014,16.44
22/04/2014,16.29
23/04/2014,16.36
24/04/2014,16.32
25/04/2014,16.64
28/04/2014,16.45
29/04/2014,16.31
30/04/2014,16.17
01/05/2014,16.2
02/05/2014,16.38
05/05/2014,16.41
06/05/2014,16.62
07/05/2014,16.25
08/05/2014,16.16
09/05/2014,15.99
12/05/2014,15.64
13/05/2014,15.72
14/05/2014,15.93
15/05/2014,16.35
16/05/2014,15.93
19/05/2014,15.75
20/05/2014,15.83
21/05/2014,15.49
22/05/2014,15.54
23/05/2014,15.48
27/05/2014,15.44
28/05/2014,15.61
29/05/2014,15.65
30/05/2014,15.73
02/06/2014,15.79
03/06/2014,15.67
04/06/2014,15.59
05/06/2014,15.32
06/06/2014,14.76
09/06/2014,14.87
10/06/2014,14.97
11/06/2014,15.23
12/06/2014,15.75
13/06/2014,15.61
16/06/2014,15.74
17/06/2014,15.54
18/06/2014,14.83
19/06/2014,14.7
20/06/2014,14.82
23/06/2014,14.9
24/06/2014,15.19
25/06/2014,14.92
26/06/2014,14.9
27/06/2014,14.78
30/06/2014,14.74
01/07/2014,14.51
02/07/2014,14.25
03/07/2014,14.04
07/07/2014,14.5
08/07/2014,14.8
09/07/2014,14.63
10/07/2014,15.14
11/07/2014,14.83
14/07/2014,14.51
15/07/2014,14.67
16/07/2014,14.37
17/07/2014,15.53
18/07/2014,14.72
21/07/2014,15
22/07/2014,14.78
23/07/2014,14.82
24/07/2014,14.97
25/07/2014,15.38
28/07/2014,15.34
29/07/2014,15.64
30/07/2014,15.57
31/07/2014,17.1
01/08/2014,17.5
04/08/2014,16.88
05/08/2014,18.01
06/08/2014,17.92
07/08/2014,18.13
08/08/2014,17.66
11/08/2014,17.12
12/08/2014,17.15
13/08/2014,16.53
14/08/2014,16.11
15/08/2014,16.22
18/08/2014,15.64
19/08/2014,15.61
20/08/2014,15.59
21/08/2014,15.5
22/08/2014,15.49
25/08/2014,15.33
26/08/2014,15.61
27/08/2014,15.68
28/08/2014,15.91
29/08/2014,15.99
02/09/2014,16.12
03/09/2014,16.08
04/09/2014,16.16
05/09/2014,15.88
08/09/2014,16.18
09/09/2014,16.35
10/09/2014,16.28
11/09/2014,16.26
12/09/2014,16.52
15/09/2014,16.88
16/09/2014,16.35
17/09/2014,16.18
18/09/2014,15.98
19/09/2014,16.08
22/09/2014,16.88
23/09/2014,17.31
24/09/2014,16.74
25/09/2014,17.7
26/09/2014,17.45
29/09/2014,18.01
30/09/2014,18.3
01/10/2014,18.72
02/10/2014,18.44
03/10/2014,17.64
06/10/2014,17.9
07/10/2014,18.73
08/10/2014,17.74
09/10/2014,19.11
10/10/2014,20.56
13/10/2014,22.32
14/10/2014,21.66
15/10/2014,23.53
16/10/2014,22.96
17/10/2014,21.62
20/10/2014,20.6
21/10/2014,19.28
22/10/2014,20.13
23/10/2014,19.45
24/10/2014,19.19
27/10/2014,19.17
28/10/2014,18.23
29/10/2014,18.63
30/10/2014,18.43
31/10/2014,18.16
03/11/2014,18.33
04/11/2014,18.6
05/11/2014,18.35
06/11/2014,18.12
07/11/2014,17.79
10/11/2014,17.36
11/11/2014,17.27
12/11/2014,17.49
13/11/2014,17.77
14/11/2014,17.73
17/11/2014,17.8
18/11/2014,17.64
19/11/2014,17.91
20/11/2014,17.91
21/11/2014,17.75
24/11/2014,17.61
25/11/2014,17.64
26/11/2014,17.58
28/11/2014,17.94
01/12/2014,18.36
02/12/2014,17.86
03/12/2014,17.57
04/12/2014,17.56
05/12/2014,17.52
08/12/2014,18.53
09/12/2014,18.47
10/12/2014,20.12
11/12/2014,21.49
12/12/2014,21.64
15/12/2014,22
16/12/2014,23.41
17/12/2014,21.2
18/12/2014,19.91
19/12/2014,19.66
22/12/2014,19.09
23/12/2014,19.19
24/12/2014,19.18
26/12/2014,18.96
29/12/2014,18.79
30/12/2014,19.34
31/12/2014,20.42
02/01/2015,20.24
05/01/2015,21.4
06/01/2015,21.73
07/01/2015,20.92
08/01/2015,19.56
09/01/2015,20.16
12/01/2015,20.92
13/01/2015,21.32
14/01/2015,21.48
15/01/2015,22.03
16/01/2015,21.59
20/01/2015,21.09
21/01/2015,20.72
22/01/2015,19.54
23/01/2015,19.82
26/01/2015,19.36
27/01/2015,20.07
28/01/2015,21.82
29/01/2015,20.66
30/01/2015,21.87
02/02/2015,21.21
03/02/2015,20.37
04/02/2015,20.95
05/02/2015,20.31
06/02/2015,20.87
09/02/2015,21.45
10/02/2015,20.71
11/02/2015,20.65
12/02/2015,19.79
13/02/2015,19.43
17/02/2015,19.62
18/02/2015,19.67
19/02/2015,19.62
20/02/2015,19.11
23/02/2015,19.04
24/02/2015,18.39
25/02/2015,18.42
26/02/2015,18.47
27/02/2015,18.41
02/03/2015,18
03/03/2015,18.28
04/03/2015,18.39
05/03/2015,18.13
06/03/2015,18.7
09/03/2015,18.57
10/03/2015,19.43
11/03/2015,19.67
12/03/2015,18.71
13/03/2015,19.16
16/03/2015,18.66
17/03/2015,18.8
18/03/2015,17.95
19/03/2015,18.4
20/03/2015,18.16
23/03/2015,18.18
24/03/2015,18.29
25/03/2015,19.09
26/03/2015,18.99
27/03/2015,18.77
30/03/2015,18.45
31/03/2015,19.12
01/04/2015,19.1
02/04/2015,18.86
06/04/2015,18.58
07/04/2015,18.65
08/04/2015,18.34
09/04/2015,17.82
10/04/2015,17.47
13/04/2015,18.07
14/04/2015,17.93
15/04/2015,17.53
16/04/2015,17.47
17/04/2015,18.06
20/04/2015,17.73
21/04/2015,17.73
22/04/2015,17.48
23/04/2015,17.46
24/04/2015,17.43
27/04/2015,17.83
28/04/2015,17.4
29/04/2015,17.78
30/04/2015,18.3
01/05/2015,17.52
04/05/2015,17.55
05/05/2015,18.15
06/05/2015,18.48
07/05/2015,18.37
08/05/2015,17.58
11/05/2015,17.98
12/05/2015,18.01
13/05/2015,17.89
14/05/2015,17.58
15/05/2015,17.41
18/05/2015,17.21
19/05/2015,17.05
20/05/2015,16.99
21/05/2015,16.65
22/05/2015,16.72
26/05/2015,17.35
27/05/2015,16.92
28/05/2015,17.03
29/05/2015,17.33
01/06/2015,17.31
02/06/2015,17.49
03/06/2015,17.27
04/06/2015,17.85
05/06/2015,17.75
08/06/2015,18.16
09/06/2015,17.96
10/06/2015,17.04
11/06/2015,16.82
12/06/2015,17.15
15/06/2015,18.02
16/06/2015,17.79
17/06/2015,17.72
18/06/2015,17.19
19/06/2015,17.61
22/06/2015,16.89
23/06/2015,16.51
24/06/2015,16.91
25/06/2015,16.97
26/06/2015,16.86
29/06/2015,19.08
30/06/2015,18.95
01/07/2015,17.75
02/07/2015,18.34
06/07/2015,18.51
07/07/2015,17.84
08/07/2015,19.39
09/07/2015,19.75
10/07/2015,18.62
13/07/2015,17.01
14/07/2015,16.83
15/07/2015,16.84
16/07/2015,16.38
17/07/2015,16.13
20/07/2015,16.25
21/07/2015,16.4
22/07/2015,16.36
23/07/2015,16.59
24/07/2015,17.12
27/07/2015,17.78
28/07/2015,16.8
29/07/2015,16.52
30/07/2015,16.37
31/07/2015,16.45
03/08/2015,16.37
04/08/2015,16.61
05/08/2015,16.46
06/08/2015,16.9
07/08/2015,16.79
10/08/2015,16.49
11/08/2015,17.15
12/08/2015,17.14
13/08/2015,17.09
14/08/2015,16.96
17/08/2015,16.71
18/08/2015,17.03
19/08/2015,17.56
20/08/2015,19.1
21/08/2015,22.33
24/08/2015,27.36
25/08/2015,26.89
26/08/2015,24.37
27/08/2015,23.38
28/08/2015,24
31/08/2015,25.45
01/09/2015,27.39
02/09/2015,25.31
03/09/2015,25.44
04/09/2015,26.25
08/09/2015,25.02
09/09/2015,26.04
10/09/2015,24.71
11/09/2015,24.87
14/09/2015,24.27
15/09/2015,22.84
16/09/2015,21.57
17/09/2015,21.44
18/09/2015,22.9
21/09/2015,21.85
22/09/2015,23.14
23/09/2015,22.79
24/09/2015,23.2
25/09/2015,23.55
28/09/2015,25.33
29/09/2015,24.96
30/09/2015,24.09
01/10/2015,23.6
02/10/2015,23.05
05/10/2015,21.99
06/10/2015,22.06
07/10/2015,21.41
08/10/2015,21.08
09/10/2015,20.52
12/10/2015,20.1
13/10/2015,21.1
14/10/2015,21.34
15/10/2015,19.86
16/10/2015,19.94
19/10/2015,19.4
20/10/2015,19.89
21/10/2015,20.86
22/10/2015,19.1
23/10/2015,19.21
26/10/2015,19.76
27/10/2015,19.68
28/10/2015,19.23
29/10/2015,19.53
30/10/2015,19.84
02/11/2015,19.18
03/11/2015,19.19
04/11/2015,19.66
05/11/2015,19.48
06/11/2015,19.13
09/11/2015,19.98
10/11/2015,19.68
11/11/2015,19.73
12/11/2015,21
13/11/2015,22.3
16/11/2015,21.05
17/11/2015,21.01
18/11/2015,20.17
19/11/2015,20.65
20/11/2015,20.77
23/11/2015,20.11
24/11/2015,20.3
25/11/2015,19.93
27/11/2015,19.51
30/11/2015,20.11
01/12/2015,19.79
02/12/2015,19.97
03/12/2015,21.28
04/12/2015,19.65
07/12/2015,19.95
08/12/2015,20.8
09/12/2015,21.56
10/12/2015,21.74
11/12/2015,24.59
14/12/2015,23.4
15/12/2015,22.45
16/12/2015,20.73
17/12/2015,21.47
18/12/2015,22.51
21/12/2015,21.87
22/12/2015,20.98
23/12/2015,20.61
24/12/2015,20.75
28/12/2015,20.65
29/12/2015,20.23
30/12/2015,20.38
31/12/2015,20.59
04/01/2016,22.13
05/01/2016,21.21
06/01/2016,22.14
07/01/2016,24.2
08/01/2016,25.49
11/01/2016,24.53
12/01/2016,23.4
13/01/2016,24.82
14/01/2016,24.09
15/01/2016,26.19
19/01/2016,25.64
20/01/2016,26.8
21/01/2016,26.54
22/01/2016,24.58
25/01/2016,25.45
26/01/2016,24.34
27/01/2016,25.05
28/01/2016,24.61
29/01/2016,22.82
01/02/2016,22.42
02/02/2016,23.71
03/02/2016,23.64
04/02/2016,24.18
05/02/2016,25.03
08/02/2016,26.29
09/02/2016,26.65
10/02/2016,26.65
11/02/2016,27.85
12/02/2016,26.96
16/02/2016,25.97
17/02/2016,24.77
18/02/2016,24.46
19/02/2016,24.11
22/02/2016,23.25
23/02/2016,24.01
24/02/2016,23.62
25/02/2016,22.84
26/02/2016,23.11
29/02/2016,23.57
01/03/2016,21.99
02/03/2016,21.5
03/03/2016,21.11
04/03/2016,21.17
07/03/2016,21.54
08/03/2016,22.45
09/03/2016,22.17
10/03/2016,22.08
11/03/2016,21.3
14/03/2016,21.06
15/03/2016,20.91
16/03/2016,20.19
17/03/2016,19.83
18/03/2016,19.78
21/03/2016,19.49
22/03/2016,19.59
23/03/2016,20.13
24/03/2016,20.06
28/03/2016,20.06
29/03/2016,19.18
30/03/2016,18.93
31/03/2016,19.03
01/04/2016,18.58
04/04/2016,19.14
05/04/2016,20.06
06/04/2016,19.25
07/04/2016,20.61
08/04/2016,20.26
11/04/2016,20.74
12/04/2016,19.94
13/04/2016,19.39
14/04/2016,19.4
15/04/2016,19.3
18/04/2016,18.75
19/04/2016,18.59
20/04/2016,18.74
21/04/2016,19.28
22/04/2016,19.02
25/04/2016,19.31
26/04/2016,19.11
27/04/2016,19.01
28/04/2016,19.75
29/04/2016,20.28
02/05/2016,19.82
03/05/2016,20.47
04/05/2016,20.76
05/05/2016,20.83
06/05/2016,20.4
09/05/2016,20.18
10/05/2016,19.53
11/05/2016,20.11
12/05/2016,19.9
13/05/2016,20.25
16/05/2016,19.87
17/05/2016,20.41
18/05/2016,20.47
19/05/2016,20.75
20/05/2016,20.32
23/05/2016,20.35
24/05/2016,19.37
25/05/2016,19.09
26/05/2016,18.94
27/05/2016,18.72
31/05/2016,19.03
01/06/2016,18.98
02/06/2016,18.77
03/06/2016,19.01
06/06/2016,18.87
07/06/2016,19.03
08/06/2016,19.04
09/06/2016,19.53
10/06/2016,20.74
13/06/2016,22.94
14/06/2016,22.62
15/06/2016,22.32
16/06/2016,21.8
17/06/2016,22.08
20/06/2016,20.87
21/06/2016,20.76
22/06/2016,21.39
23/06/2016,19.53
24/06/2016,23.55
27/06/2016,23.74
28/06/2016,21.23
29/06/2016,20.19
30/06/2016,19.79
01/07/2016,19.55
05/07/2016,19.99
06/07/2016,19.77
07/07/2016,19.6
08/07/2016,18.76
11/07/2016,18.6
12/07/2016,18.27
13/07/2016,18.07
14/07/2016,18.03
15/07/2016,18.15
18/07/2016,17.99
19/07/2016,17.92
20/07/2016,17.86
21/07/2016,18.45
22/07/2016,18.2
25/07/2016,18.44
26/07/2016,18.43
27/07/2016,18.39
28/07/2016,18.32
29/07/2016,17.88
01/08/2016,18.08
02/08/2016,18.64
03/08/2016,18.36
04/08/2016,18.01
05/08/2016,17.59
08/08/2016,17.53
09/08/2016,17.4
10/08/2016,17.58
11/08/2016,17.56
12/08/2016,17.62
15/08/2016,17.73
16/08/2016,18.18
17/08/2016,17.89
18/08/2016,17.7
19/08/2016,17.71
22/08/2016,17.9
23/08/2016,17.93
24/08/2016,18.27
25/08/2016,18.28
26/08/2016,18.42
29/08/2016,18.18
30/08/2016,18.29
31/08/2016,18.5
01/09/2016,18.56
02/09/2016,18.19
06/09/2016,18.03
07/09/2016,18.01
08/09/2016,18.31
09/09/2016,20.3
12/09/2016,19.12
13/09/2016,20.32
14/09/2016,20.75
15/09/2016,19.93
16/09/2016,19.58
19/09/2016,19.51
20/09/2016,19.65
21/09/2016,18.72
22/09/2016,18.2
23/09/2016,18.27
26/09/2016,18.99
27/09/2016,18.38
28/09/2016,18.13
29/09/2016,18.87
30/09/2016,18.44
03/10/2016,18.3
04/10/2016,18.33
05/10/2016,18.16
06/10/2016,18.06
07/10/2016,18.37
10/10/2016,18.05
11/10/2016,18.76
12/10/2016,18.91
13/10/2016,19.27
14/10/2016,19.14
17/10/2016,19.18
18/10/2016,18.86
19/10/2016,18.52
20/10/2016,18.37
21/10/2016,18.24
24/10/2016,17.98
25/10/2016,18.05
26/10/2016,18.35
27/10/2016,18.81
28/10/2016,19.03
31/10/2016,19.23
01/11/2016,19.88
02/11/2016,20.11
03/11/2016,21
04/11/2016,21.44
07/11/2016,19.24
08/11/2016,19.26
09/11/2016,18.09
10/11/2016,18.56
11/11/2016,18.45
14/11/2016,18.62
15/11/2016,18.03
16/11/2016,18.27
17/11/2016,17.96
18/11/2016,18.02
21/11/2016,17.82
22/11/2016,17.81
23/11/2016,17.86
25/11/2016,17.93
28/11/2016,18.2
29/11/2016,18.14
30/11/2016,18.25
01/12/2016,18.64
02/12/2016,18.75
05/12/2016,18.02
06/12/2016,17.84
07/12/2016,17.75
08/12/2016,17.95
09/12/2016,17.66
12/12/2016,17.85
13/12/2016,17.82
14/12/2016,17.91
15/12/2016,17.9
16/12/2016,17.77
19/12/2016,17.57
20/12/2016,17.52
21/12/2016,17.52
22/12/2016,17.69
23/12/2016,17.63
27/12/2016,17.64
28/12/2016,18.04
29/12/2016,18.22
30/12/2016,18.57
03/01/2017,17.77
04/01/2017,17.16
05/01/2017,17.03
06/01/2017,16.92
09/01/2017,17.04
10/01/2017,17.09
11/01/2017,16.97
12/01/2017,17.13
13/01/2017,17.16
17/01/2017,17.45
18/01/2017,17.41
19/01/2017,17.38
20/01/2017,17.07
23/01/2017,16.94
24/01/2017,16.25
25/01/2017,15.95
26/01/2017,16.07
27/01/2017,16.21
30/01/2017,16.63
31/01/2017,16.7
01/02/2017,16.53
02/02/2017,16.65
03/02/2017,16.27
06/02/2017,16.41
07/02/2017,16.44
08/02/2017,16.6
09/02/2017,16.35
10/02/2017,16.17
13/02/2017,15.91
14/02/2017,15.44
15/02/2017,15.43
16/02/2017,15.68
17/02/2017,15.79
21/02/2017,15.99
22/02/2017,16.25
23/02/2017,16.54
24/02/2017,16.68
27/02/2017,16.62
28/02/2017,16.95
01/03/2017,16.62
02/03/2017,16.63
03/03/2017,16.25
06/03/2017,16.32
07/03/2017,16.38
08/03/2017,16.41
09/03/2017,16.62
10/03/2017,16.33
13/03/2017,16.27
14/03/2017,16.4
15/03/2017,16.13
16/03/2017,15.78
17/03/2017,15.85
20/03/2017,15.86
21/03/2017,16.43
22/03/2017,16.4
23/03/2017,16.52
24/03/2017,16.28
27/03/2017,15.99
28/03/2017,15.4
29/03/2017,15.19
30/03/2017,15.09
31/03/2017,15.25
03/04/2017,15.27
04/04/2017,14.94
05/04/2017,15.45
06/04/2017,15.13
07/04/2017,15.44
10/04/2017,15.83
11/04/2017,16.19
12/04/2017,16.29
13/04/2017,16.57
17/04/2017,16.06
18/04/2017,16.02
19/04/2017,16.21
20/04/2017,15.76
21/04/2017,15.93
24/04/2017,14.72
25/04/2017,14.62
26/04/2017,14.77
27/04/2017,14.7
28/04/2017,14.74
01/05/2017,14.48
02/05/2017,14.66
03/05/2017,14.87
04/05/2017,14.71
05/05/2017,14.65
08/05/2017,14.64
09/05/2017,14.72
10/05/2017,14.88
11/05/2017,14.99
12/05/2017,15.1
15/05/2017,14.97
16/05/2017,14.97
17/05/2017,16.8
18/05/2017,16.42
19/05/2017,15.57
22/05/2017,15.25
23/05/2017,15.16
24/05/2017,14.9
25/05/2017,14.82
26/05/2017,14.84
30/05/2017,15.03
31/05/2017,14.94
01/06/2017,14.83
02/06/2017,14.88
05/06/2017,15.08
06/06/2017,15.3
07/06/2017,15.27
08/06/2017,15.01
09/06/2017,15.17
12/06/2017,15.32
13/06/2017,14.96
14/06/2017,14.94
15/06/2017,15.07
16/06/2017,14.87
19/06/2017,14.49
20/06/2017,14.66
21/06/2017,14.73
22/06/2017,14.65
23/06/2017,14.49
26/06/2017,14.28
27/06/2017,14.78
28/06/2017,14.44
29/06/2017,14.88
30/06/2017,14.86
03/07/2017,14.96
05/07/2017,14.94
06/07/2017,15.48
07/07/2017,15.11
10/07/2017,14.9
11/07/2017,14.74
12/07/2017,14.48
13/07/2017,14.32
14/07/2017,14.01
17/07/2017,14.04
18/07/2017,14.04
19/07/2017,13.91
20/07/2017,13.9
21/07/2017,13.89
24/07/2017,13.82
25/07/2017,13.75
26/07/2017,13.79
27/07/2017,13.87
28/07/2017,13.96
31/07/2017,13.94
01/08/2017,13.76
02/08/2017,13.92
03/08/2017,14.15
04/08/2017,14.25
07/08/2017,14.16
08/08/2017,14.6
09/08/2017,14.89
10/08/2017,16.74
11/08/2017,16.86
14/08/2017,15.18
15/08/2017,15.11
16/08/2017,14.92
17/08/2017,16.5
18/08/2017,16.38
21/08/2017,15.92
22/08/2017,14.99
23/08/2017,15.53
24/08/2017,15.63
25/08/2017,15.42
28/08/2017,15.41
29/08/2017,15.52
30/08/2017,15.6
31/08/2017,15.46
01/09/2017,15.33
05/09/2017,16.05
06/09/2017,16.02
07/09/2017,15.98
08/09/2017,16.37
11/09/2017,15.77
12/09/2017,15.49
13/09/2017,15.22
14/09/2017,15.2
15/09/2017,15.09
18/09/2017,14.84
19/09/2017,14.85
20/09/2017,14.71
21/09/2017,14.8
22/09/2017,14.97
25/09/2017,15.14
26/09/2017,15.1
27/09/2017,15.04
28/09/2017,14.93
29/09/2017,14.81
02/10/2017,14.57
03/10/2017,14.46
04/10/2017,14.44
05/10/2017,14.25
06/10/2017,14.59
09/10/2017,14.94
10/10/2017,14.82
11/10/2017,14.66
12/10/2017,14.72
13/10/2017,14.52
16/10/2017,14.48
17/10/2017,14.54
18/10/2017,14.48
19/10/2017,14.48
20/10/2017,14.35
23/10/2017,14.85
24/10/2017,14.79
25/10/2017,15
26/10/2017,14.94
27/10/2017,14.48
30/10/2017,14.75
31/10/2017,14.6
01/11/2017,14.75
02/11/2017,14.9
03/11/2017,14.81
06/11/2017,14.87
07/11/2017,15.12
08/11/2017,15.21
09/11/2017,15.43
10/11/2017,15.91
13/11/2017,15.91
14/11/2017,16.15
15/11/2017,16.72
16/11/2017,16.06
17/11/2017,15.98
20/11/2017,15.51
21/11/2017,14.91
22/11/2017,14.85
24/11/2017,14.8
27/11/2017,14.87
28/11/2017,14.63
29/11/2017,15.17
30/11/2017,15.15
01/12/2017,15.3
04/12/2017,15.27
05/12/2017,15.37
06/12/2017,15.3
07/12/2017,14.97
08/12/2017,14.61
11/12/2017,14.44
12/12/2017,14.59
13/12/2017,14.71
14/12/2017,14.76
15/12/2017,14.38
18/12/2017,14.28
19/12/2017,14.57
20/12/2017,14.44
21/12/2017,14.46
22/12/2017,14.66
26/12/2017,14.82
27/12/2017,14.74
28/12/2017,14.91
29/12/2017,15.11
02/01/2018,14.72
03/01/2018,14.41
04/01/2018,14.38
05/01/2018,14.19
08/01/2018,14.21
09/01/2018,14.32
10/01/2018,14.31
11/01/2018,14.11
12/01/2018,14.18
16/01/2018,14.99
17/01/2018,14.88
18/01/2018,15.15
19/01/2018,14.86
22/01/2018,14.84
23/01/2018,14.89
